Place,Division,Class,Last Name,First Name,IDPA ID,Location,Shooter Number,Squad,Session,Completed,DNF,Categories,Total Score,Total PD,Hits on Non-Threat,Procedural Error,Failure to Do Right,Flagrant,Finger PE,Stage 1 Time,Stage 1 String 1,Stage 1 PD,Stage 1 Hits on Non-Threat,Stage 1 Procedural Error,Stage 1 Failure to Do Right,Stage 1 Flagrant,Stage 1 Finger PE,Stage 1 DNF,Stage 2 Time,Stage 2 String 1,Stage 2 PD,Stage 2 Hits on Non-Threat,Stage 2 Procedural Error,Stage 2 Failure to Do Right,Stage 2 Flagrant,Stage 2 Finger PE,Stage 2 DNF,Stage 3 Time,Stage 3 String 1,Stage 3 PD,Stage 3 Hits on Non-Threat,Stage 3 Procedural Error,Stage 3 Failure to Do Right,Stage 3 Flagrant,Stage 3 Finger PE,Stage 3 DNF,Stage 4 Time,Stage 4 String 1,Stage 4 PD,Stage 4 Hits on Non-Threat,Stage 4 Procedural Error,Stage 4 Failure to Do Right,Stage 4 Flagrant,Stage 4 Finger PE,Stage 4 DNF,Stage 5 Time,Stage 5 String 1,Stage 5 PD,Stage 5 Hits on Non-Threat,Stage 5 Procedural Error,Stage 5 Failure to Do Right,Stage 5 Flagrant,Stage 5 Finger PE,Stage 5 DNF,Stage 6 Time,Stage 6 String 1,Stage 6 PD,Stage 6 Hits on Non-Threat,Stage 6 Procedural Error,Stage 6 Failure to Do Right,Stage 6 Flagrant,Stage 6 Finger PE,Stage 6 DNF,Stage 7 Time,Stage 7 String 1,Stage 7 PD,Stage 7 Hits on Non-Threat,Stage 7 Procedural Error,Stage 7 Failure to Do Right,Stage 7 Flagrant,Stage 7 Finger PE,Stage 7 DNF,Stage 8 Time,Stage 8 String 1,Stage 8 PD,Stage 8 Hits on Non-Threat,Stage 8 Procedural Error,Stage 8 Failure to Do Right,Stage 8 Flagrant,Stage 8 Finger PE,Stage 8 DNF,Stage 9 Time,Stage 9 String 1,Stage 9 PD,Stage 9 Hits on Non-Threat,Stage 9 Procedural Error,Stage 9 Failure to Do Right,Stage 9 Flagrant,Stage 9 Finger PE,Stage 9 DNF,Stage 10 Time,Stage 10 String 1,Stage 10 PD,Stage 10 Hits on Non-Threat,Stage 10 Procedural Error,Stage 10 Failure to Do Right,Stage 10 Flagrant,Stage 10 Finger PE,Stage 10 DNF
dnf,BUG,UN,043 Thongsroi,Kasidit,,,,4,,0,1,,0.00,,,,,,,,,,,,,,,1,,,,,,,,,1,,,,,,,,,1,,,,,,,,,1,,,,,,,,,1,,,,,,,,,1,,,,,,,,,1,,,,,,,,,1,,,,,,,,,1,,,,,,,,,1
dnf,SSP,UN,081 Sutum,Pathra,,,,8,,0,1,Lady,0.00,,,,,,,,,,,,,,,1,,,,,,,,,1,,,,,,,,,1,,,,,,,,,1,,,,,,,,,1,,,,,,,,,1,,,,,,,,,1,,,,,,,,,1,,,,,,,,,1,,,,,,,,,1
dnf,SSP,UN,056 Hongprasit,Natthaphon(Sgt.),,,,6,,0,1,Law Enforcement,0.00,,,,,,,,,,,,,,,1,,,,,,,,,1,,,,,,,,,1,,,,,,,,,1,,,,,,,,,1,,,,,,,,,1,,,,,,,,,1,,,,,,,,,1,,,,,,,,,1,,,,,,,,,1
dnf,SSP,SS,018 Yamanee,Napat,,,,2,,0,1,,0.00,,,,,,,,,,,,,,,1,,,,,,,,,1,,,,,,,,,1,,,,,,,,,1,,,,,,,,,1,,,,,,,,,1,,,,,,,,,1,,,,,,,,,1,,,,,,,,,1,,,,,,,,,1
dnf,SSP,NV,083 Onkasin,Thinnakorn,,,,9,,0,1,Law Enforcement,0.00,,,,,,,,,,,,,,,1,,,,,,,,,1,,,,,,,,,1,,,,,,,,,1,,,,,,,,,1,,,,,,,,,1,,,,,,,,,1,,,,,,,,,1,,,,,,,,,1,,,,,,,,,1
dnf,REV,UN,092 POONBUNROJ,PHONGSAK,,,,9,,0,1,,0.00,,,,,,,,,,,,,,,1,,,,,,,,,1,,,,,,,,,1,,,,,,,,,1,,,,,,,,,1,,,,,,,,,1,,,,,,,,,1,,,,,,,,,1,,,,,,,,,1,,,,,,,,,1
dnf,SSP,MA,047 Srirongmuang,Siam,,,,5,,0,1,,0.00,,,,,,,,,,,,,,,1,,,,,,,,,1,,,,,,,,,1,,,,,,,,,1,,,,,,,,,1,,,,,,,,,1,,,,,,,,,1,,,,,,,,,1,,,,,,,,,1,,,,,,,,,1
dnf,CCP,UN,015 Luenphet,Thanet,,,,2,,0,1,,0.00,,,,,,,,,,,,,,,1,,,,,,,,,1,,,,,,,,,1,,,,,,,,,1,,,,,,,,,1,,,,,,,,,1,,,,,,,,,1,,,,,,,,,1,,,,,,,,,1,,,,,,,,,1
dnf,CDP,SS,067 Patithin,Narongvit,,,,7,,0,1,,0.00,,,,,,,,,,,,,,,1,,,,,,,,,1,,,,,,,,,1,,,,,,,,,1,,,,,,,,,1,,,,,,,,,1,,,,,,,,,1,,,,,,,,,1,,,,,,,,,1,,,,,,,,,1
dnf,ESP,MM,041 Chuklin,Thanachai,TH1008788,,,4,,0,1,Senior,0.00,,,,,,,,,,,,,,,1,,,,,,,,,1,,,,,,,,,1,,,,,,,,,1,,,,,,,,,1,,,,,,,,,1,,,,,,,,,1,,,,,,,,,1,,,,,,,,,1,,,,,,,,,1
dnf,ESP,SS,064 Akarathambodi,Thongchai,TH1002592,,,7,,0,1,Law Enforcement,0.00,,,,,,,,,,,,,,,1,,,,,,,,,1,,,,,,,,,1,,,,,,,,,1,,,,,,,,,1,,,,,,,,,1,,,,,,,,,1,,,,,,,,,1,,,,,,,,,1,,,,,,,,,1
dnf,CCP,UN,012 Assawawongthada,Sarunrhat,,,,1,,0,1,Lady,0.00,,,,,,,,,,,,,,,1,,,,,,,,,1,,,,,,,,,1,,,,,,,,,1,,,,,,,,,1,,,,,,,,,1,,,,,,,,,1,,,,,,,,,1,,,,,,,,,1,,,,,,,,,1
dnf,BUG,EX,023 Pansuwan,Tanapat,TH1017917,,,3,,0,1,,0.00,,,,,,,,,,,,,,,1,,,,,,,,,1,,,,,,,,,1,,,,,,,,,1,,,,,,,,,1,,,,,,,,,1,,,,,,,,,1,,,,,,,,,1,,,,,,,,,1,,,,,,,,,1
dnf,CCP,MM,031 Vachiravorakam,Ampon,,,,3,,0,1,,0.00,,,,,,,,,,,,,,,1,,,,,,,,,1,,,,,,,,,1,,,,,,,,,1,,,,,,,,,1,,,,,,,,,1,,,,,,,,,1,,,,,,,,,1,,,,,,,,,1,,,,,,,,,1
dnf,CCP,SS,010 Sutti,Teeraruj,,,,1,,0,1,,0.00,,,,,,,,,,,,,,,1,,,,,,,,,1,,,,,,,,,1,,,,,,,,,1,,,,,,,,,1,,,,,,,,,1,,,,,,,,,1,,,,,,,,,1,,,,,,,,,1,,,,,,,,,1
dnf,CDP,NV,044 Pongpongarm,Niphat,,,,4,,0,1,,0.00,,,,,,,,,,,,,,,1,,,,,,,,,1,,,,,,,,,1,,,,,,,,,1,,,,,,,,,1,,,,,,,,,1,,,,,,,,,1,,,,,,,,,1,,,,,,,,,1,,,,,,,,,1
dnf,ESP,EX,051 Tanopajaisit,Nuntachai,,,,5,,0,1,,0.00,,,,,,,,,,,,,,,1,,,,,,,,,1,,,,,,,,,1,,,,,,,,,1,,,,,,,,,1,,,,,,,,,1,,,,,,,,,1,,,,,,,,,1,,,,,,,,,1,,,,,,,,,1
dnf,BUG,MM,077 Sookmano,Pavara,,,,8,,0,1,,0.00,,,,,,,,,,,,,,,1,,,,,,,,,1,,,,,,,,,1,,,,,,,,,1,,,,,,,,,1,,,,,,,,,1,,,,,,,,,1,,,,,,,,,1,,,,,,,,,1,,,,,,,,,1
dnf,ESP,NV,020 Semmesuk,Poowadol,,,,2,,0,1,,0.00,,,,,,,,,,,,,,,1,,,,,,,,,1,,,,,,,,,1,,,,,,,,,1,,,,,,,,,1,,,,,,,,,1,,,,,,,,,1,,,,,,,,,1,,,,,,,,,1,,,,,,,,,1
dnf,ESP,NV,045 Lertsutham,Arnon,,,,4,,0,1,,0.00,,,,,,,,,,,,,,,1,,,,,,,,,1,,,,,,,,,1,,,,,,,,,1,,,,,,,,,1,,,,,,,,,1,,,,,,,,,1,,,,,,,,,1,,,,,,,,,1,,,,,,,,,1
dnf,SSP,NV,080 Nakvirod,Theerachai,,,,8,,0,1,,0.00,,,,,,,,,,,,,,,1,,,,,,,,,1,,,,,,,,,1,,,,,,,,,1,,,,,,,,,1,,,,,,,,,1,,,,,,,,,1,,,,,,,,,1,,,,,,,,,1,,,,,,,,,1
dnf,CO,SS,005 PARN,CHALIN,TH1001310,,,1,,0,1,Senior,0.00,,,,,,,,,,,,,,,1,,,,,,,,,1,,,,,,,,,1,,,,,,,,,1,,,,,,,,,1,,,,,,,,,1,,,,,,,,,1,,,,,,,,,1,,,,,,,,,1,,,,,,,,,1
dnf,CCP,EX,050 Yingsirithananont,Athipatch,,,,5,,0,1,,0.00,,,,,,,,,,,,,,,1,,,,,,,,,1,,,,,,,,,1,,,,,,,,,1,,,,,,,,,1,,,,,,,,,1,,,,,,,,,1,,,,,,,,,1,,,,,,,,,1,,,,,,,,,1
dnf,CCP,UN,060 KAEWNATE,SANPATCH,,,,6,,0,1,,0.00,,,,,,,,,,,,,,,1,,,,,,,,,1,,,,,,,,,1,,,,,,,,,1,,,,,,,,,1,,,,,,,,,1,,,,,,,,,1,,,,,,,,,1,,,,,,,,,1,,,,,,,,,1
dnf,SSP,MM,017 Patcharoen,Nattakit,TH1013742,,,2,,0,1,Senior,0.00,,,,,,,,,,,,,,,1,,,,,,,,,1,,,,,,,,,1,,,,,,,,,1,,,,,,,,,1,,,,,,,,,1,,,,,,,,,1,,,,,,,,,1,,,,,,,,,1,,,,,,,,,1
dnf,ESP,NV,069 Neanudorn,Chaiwat,,,,7,,0,1,Senior,0.00,,,,,,,,,,,,,,,1,,,,,,,,,1,,,,,,,,,1,,,,,,,,,1,,,,,,,,,1,,,,,,,,,1,,,,,,,,,1,,,,,,,,,1,,,,,,,,,1,,,,,,,,,1
dnf,SSP,UN,091 AUTOKSIRI,RUNGSIWUT,,,,9,,0,1,,0.00,,,,,,,,,,,,,,,1,,,,,,,,,1,,,,,,,,,1,,,,,,,,,1,,,,,,,,,1,,,,,,,,,1,,,,,,,,,1,,,,,,,,,1,,,,,,,,,1,,,,,,,,,1
dnf,CCP,SS,102 Taotakoo,Nontawat,,,,10,,0,1,,0.00,,,,,,,,,,,,,,,1,,,,,,,,,1,,,,,,,,,1,,,,,,,,,1,,,,,,,,,1,,,,,,,,,1,,,,,,,,,1,,,,,,,,,1,,,,,,,,,1,,,,,,,,,1
dnf,CO,NV,070 Neanudorn,Natdanai,,,,7,,0,1,Junior,0.00,,,,,,,,,,,,,,,1,,,,,,,,,1,,,,,,,,,1,,,,,,,,,1,,,,,,,,,1,,,,,,,,,1,,,,,,,,,1,,,,,,,,,1,,,,,,,,,1,,,,,,,,,1
dnf,CCP,UN,061 Nowkord,Thanaphon(Sgt.),,,,6,,0,1,Law Enforcement,0.00,,,,,,,,,,,,,,,1,,,,,,,,,1,,,,,,,,,1,,,,,,,,,1,,,,,,,,,1,,,,,,,,,1,,,,,,,,,1,,,,,,,,,1,,,,,,,,,1,,,,,,,,,1
dnf,CO,NV,004 Chaiya,Khesarat,TH1014046,,,1,,0,1,Lady,0.00,,,,,,,,,,,,,,,1,,,,,,,,,1,,,,,,,,,1,,,,,,,,,1,,,,,,,,,1,,,,,,,,,1,,,,,,,,,1,,,,,,,,,1,,,,,,,,,1,,,,,,,,,1
dnf,CCP,SS,037 Soo Park,Chang,,,,4,,0,1,"International,Senior",0.00,,,,,,,,,,,,,,,1,,,,,,,,,1,,,,,,,,,1,,,,,,,,,1,,,,,,,,,1,,,,,,,,,1,,,,,,,,,1,,,,,,,,,1,,,,,,,,,1,,,,,,,,,1
dnf,CO,MM,009 Srichawla,Anuthep,,,,1,,0,1,,0.00,,,,,,,,,,,,,,,1,,,,,,,,,1,,,,,,,,,1,,,,,,,,,1,,,,,,,,,1,,,,,,,,,1,,,,,,,,,1,,,,,,,,,1,,,,,,,,,1,,,,,,,,,1
dnf,CO,MM,007 0Ingkasuwan,Patarakorn,,,,1,,0,1,,0.00,,,,,,,,,,,,,,,1,,,,,,,,,1,,,,,,,,,1,,,,,,,,,1,,,,,,,,,1,,,,,,,,,1,,,,,,,,,1,,,,,,,,,1,,,,,,,,,1,,,,,,,,,1
dnf,CDP,SS,053 Wisadepadsa,Sakda,TH338706,,,5,,0,1,,0.00,,,,,,,,,,,,,,,1,,,,,,,,,1,,,,,,,,,1,,,,,,,,,1,,,,,,,,,1,,,,,,,,,1,,,,,,,,,1,,,,,,,,,1,,,,,,,,,1,,,,,,,,,1
dnf,CCP,MA,048 Uraisint,Sirawit,,,,5,,0,1,,0.00,,,,,,,,,,,,,,,1,,,,,,,,,1,,,,,,,,,1,,,,,,,,,1,,,,,,,,,1,,,,,,,,,1,,,,,,,,,1,,,,,,,,,1,,,,,,,,,1,,,,,,,,,1
dnf,CCP,NV,097 Pathumarak,Chatchai,,,,10,,0,1,,0.00,,,,,,,,,,,,,,,1,,,,,,,,,1,,,,,,,,,1,,,,,,,,,1,,,,,,,,,1,,,,,,,,,1,,,,,,,,,1,,,,,,,,,1,,,,,,,,,1,,,,,,,,,1
dnf,SSP,,034 Chatsomsanga,Papitchaya,,,,3,,0,1,Lady,0.00,,,,,,,,,,,,,,,1,,,,,,,,,1,,,,,,,,,1,,,,,,,,,1,,,,,,,,,1,,,,,,,,,1,,,,,,,,,1,,,,,,,,,1,,,,,,,,,1,,,,,,,,,1
dnf,ESP,NV,072 Kleawvitkit,Pongpanot,,,,7,,0,1,,0.00,,,,,,,,,,,,,,,1,,,,,,,,,1,,,,,,,,,1,,,,,,,,,1,,,,,,,,,1,,,,,,,,,1,,,,,,,,,1,,,,,,,,,1,,,,,,,,,1,,,,,,,,,1
dnf,BUG,UN,085 WATTHANASIRI,NATTHAWAT,,,,9,,0,1,,0.00,,,,,,,,,,,,,,,1,,,,,,,,,1,,,,,,,,,1,,,,,,,,,1,,,,,,,,,1,,,,,,,,,1,,,,,,,,,1,,,,,,,,,1,,,,,,,,,1,,,,,,,,,1
dnf,CCP,SS,099 Da,Dada,,,,10,,0,1,,0.00,,,,,,,,,,,,,,,1,,,,,,,,,1,,,,,,,,,1,,,,,,,,,1,,,,,,,,,1,,,,,,,,,1,,,,,,,,,1,,,,,,,,,1,,,,,,,,,1,,,,,,,,,1
dnf,CCP,NV,030 Kodom,Sasirin,,,,3,,0,1,Lady,0.00,,,,,,,,,,,,,,,1,,,,,,,,,1,,,,,,,,,1,,,,,,,,,1,,,,,,,,,1,,,,,,,,,1,,,,,,,,,1,,,,,,,,,1,,,,,,,,,1,,,,,,,,,1
dnf,CCP,NV,071 Changprasert,Thachakorn,,,,7,,0,1,,0.00,,,,,,,,,,,,,,,1,,,,,,,,,1,,,,,,,,,1,,,,,,,,,1,,,,,,,,,1,,,,,,,,,1,,,,,,,,,1,,,,,,,,,1,,,,,,,,,1,,,,,,,,,1
dnf,CCP,NV,098 Dachklang,Phanuphong,,,,10,,0,1,,0.00,,,,,,,,,,,,,,,1,,,,,,,,,1,,,,,,,,,1,,,,,,,,,1,,,,,,,,,1,,,,,,,,,1,,,,,,,,,1,,,,,,,,,1,,,,,,,,,1,,,,,,,,,1
dnf,ESP,SS,003 Tanpoonkiat,Peerapol,TH1006044,,,1,,0,1,,0.00,,,,,,,,,,,,,,,1,,,,,,,,,1,,,,,,,,,1,,,,,,,,,1,,,,,,,,,1,,,,,,,,,1,,,,,,,,,1,,,,,,,,,1,,,,,,,,,1,,,,,,,,,1
dnf,CDP,NV,094 Ariyarattanahirun,Jirat,,,,10,,0,1,,0.00,,,,,,,,,,,,,,,1,,,,,,,,,1,,,,,,,,,1,,,,,,,,,1,,,,,,,,,1,,,,,,,,,1,,,,,,,,,1,,,,,,,,,1,,,,,,,,,1,,,,,,,,,1
dnf,CO,NV,036 Spiegel,Marc,,,,4,,0,1,"Senior,International",0.00,,,,,,,,,,,,,,,1,,,,,,,,,1,,,,,,,,,1,,,,,,,,,1,,,,,,,,,1,,,,,,,,,1,,,,,,,,,1,,,,,,,,,1,,,,,,,,,1,,,,,,,,,1
dnf,SSP,SS,033 KAEWTONG,JIRAWUT,,,,3,,0,1,,0.00,,,,,,,,,,,,,,,1,,,,,,,,,1,,,,,,,,,1,,,,,,,,,1,,,,,,,,,1,,,,,,,,,1,,,,,,,,,1,,,,,,,,,1,,,,,,,,,1,,,,,,,,,1
dnf,CCP,MM,096 Prasit,Siriwut,,,,10,,0,1,Senior,0.00,,,,,,,,,,,,,,,1,,,,,,,,,1,,,,,,,,,1,,,,,,,,,1,,,,,,,,,1,,,,,,,,,1,,,,,,,,,1,,,,,,,,,1,,,,,,,,,1,,,,,,,,,1
dnf,BUG,NV,040 Arunsod,Jaturathep,,,,4,,0,1,,0.00,,,,,,,,,,,,,,,1,,,,,,,,,1,,,,,,,,,1,,,,,,,,,1,,,,,,,,,1,,,,,,,,,1,,,,,,,,,1,,,,,,,,,1,,,,,,,,,1,,,,,,,,,1
dnf,CCP,EX,054 Kotthanu,Yodsapol,TH318253,,,5,,0,1,Senior,0.00,,,,,,,,,,,,,,,1,,,,,,,,,1,,,,,,,,,1,,,,,,,,,1,,,,,,,,,1,,,,,,,,,1,,,,,,,,,1,,,,,,,,,1,,,,,,,,,1,,,,,,,,,1
dnf,CDP,MA,074 Pruekamnuai,Phuripjhat,TH1001375,,,8,,0,1,,0.00,,,,,,,,,,,,,,,1,,,,,,,,,1,,,,,,,,,1,,,,,,,,,1,,,,,,,,,1,,,,,,,,,1,,,,,,,,,1,,,,,,,,,1,,,,,,,,,1,,,,,,,,,1
dnf,CDP,MM,075 Ukosakul,Chanakan,,,,8,,0,1,,0.00,,,,,,,,,,,,,,,1,,,,,,,,,1,,,,,,,,,1,,,,,,,,,1,,,,,,,,,1,,,,,,,,,1,,,,,,,,,1,,,,,,,,,1,,,,,,,,,1,,,,,,,,,1
dnf,SSP,UN,057 Dhammahora,Pingkanart,,,,6,,0,1,Lady,0.00,,,,,,,,,,,,,,,1,,,,,,,,,1,,,,,,,,,1,,,,,,,,,1,,,,,,,,,1,,,,,,,,,1,,,,,,,,,1,,,,,,,,,1,,,,,,,,,1,,,,,,,,,1
dnf,BUG,NV,079 Thummanitkit,Jarrukitt,,,,8,,0,1,,0.00,,,,,,,,,,,,,,,1,,,,,,,,,1,,,,,,,,,1,,,,,,,,,1,,,,,,,,,1,,,,,,,,,1,,,,,,,,,1,,,,,,,,,1,,,,,,,,,1,,,,,,,,,1
dnf,CO,MA,001 Phumphanmuang,Phumin(Pol.Maj.Gen.),,,,1,,0,1,Law Enforcement,0.00,,,,,,,,,,,,,,,1,,,,,,,,,1,,,,,,,,,1,,,,,,,,,1,,,,,,,,,1,,,,,,,,,1,,,,,,,,,1,,,,,,,,,1,,,,,,,,,1,,,,,,,,,1
dnf,SSP,UN,082 Rungsimavisarut,Varut,,,,8,,0,1,,0.00,,,,,,,,,,,,,,,1,,,,,,,,,1,,,,,,,,,1,,,,,,,,,1,,,,,,,,,1,,,,,,,,,1,,,,,,,,,1,,,,,,,,,1,,,,,,,,,1,,,,,,,,,1
dnf,CCP,UN,021 Pengtomya,Nontiya,,,,2,,0,1,Lady,0.00,,,,,,,,,,,,,,,1,,,,,,,,,1,,,,,,,,,1,,,,,,,,,1,,,,,,,,,1,,,,,,,,,1,,,,,,,,,1,,,,,,,,,1,,,,,,,,,1,,,,,,,,,1
dnf,CDP,NV,013 Phanphakdee,Chaichumphol,,,,2,,0,1,Law Enforcement,0.00,,,,,,,,,,,,,,,1,,,,,,,,,1,,,,,,,,,1,,,,,,,,,1,,,,,,,,,1,,,,,,,,,1,,,,,,,,,1,,,,,,,,,1,,,,,,,,,1,,,,,,,,,1
dnf,CCP,NV,032 Boonmapad,Waravuth,,,,3,,0,1,,0.00,,,,,,,,,,,,,,,1,,,,,,,,,1,,,,,,,,,1,,,,,,,,,1,,,,,,,,,1,,,,,,,,,1,,,,,,,,,1,,,,,,,,,1,,,,,,,,,1,,,,,,,,,1
dnf,SPD,ALL,042 KANJANA,KASIDEJ,,,,4,,0,1,,0.00,,,,,,,,,,,,,,,1,,,,,,,,,1,,,,,,,,,1,,,,,,,,,1,,,,,,,,,1,,,,,,,,,1,,,,,,,,,1,,,,,,,,,1,,,,,,,,,1,,,,,,,,,1
dnf,CO,UN,065 SRISANGA,JUGGRIT,,,,7,,0,1,,0.00,,,,,,,,,,,,,,,1,,,,,,,,,1,,,,,,,,,1,,,,,,,,,1,,,,,,,,,1,,,,,,,,,1,,,,,,,,,1,,,,,,,,,1,,,,,,,,,1,,,,,,,,,1
dnf,ESP,MM,105 Deeprasert,Annpo,,,,10,,0,1,,0.00,,,,,,,,,,,,,,,1,,,,,,,,,1,,,,,,,,,1,,,,,,,,,1,,,,,,,,,1,,,,,,,,,1,,,,,,,,,1,,,,,,,,,1,,,,,,,,,1,,,,,,,,,1
dnf,CCP,MM,090 Pinnet,Tanurak,,,,9,,0,1,,0.00,,,,,,,,,,,,,,,1,,,,,,,,,1,,,,,,,,,1,,,,,,,,,1,,,,,,,,,1,,,,,,,,,1,,,,,,,,,1,,,,,,,,,1,,,,,,,,,1,,,,,,,,,1
dnf,BUG,UN,022 Kongtae,Rungwipa,,,,2,,0,1,Lady,0.00,,,,,,,,,,,,,,,1,,,,,,,,,1,,,,,,,,,1,,,,,,,,,1,,,,,,,,,1,,,,,,,,,1,,,,,,,,,1,,,,,,,,,1,,,,,,,,,1,,,,,,,,,1
dnf,SSP,UN,088 Sodsomta,Phennapa,,,,9,,0,1,Lady,0.00,,,,,,,,,,,,,,,1,,,,,,,,,1,,,,,,,,,1,,,,,,,,,1,,,,,,,,,1,,,,,,,,,1,,,,,,,,,1,,,,,,,,,1,,,,,,,,,1,,,,,,,,,1
dnf,REV,MA,046 Adchariyayot,Kriengsak,TH790857,,,4,,0,1,,0.00,,,,,,,,,,,,,,,1,,,,,,,,,1,,,,,,,,,1,,,,,,,,,1,,,,,,,,,1,,,,,,,,,1,,,,,,,,,1,,,,,,,,,1,,,,,,,,,1,,,,,,,,,1
dnf,BUG,EX,100 Eaksirichayakul,Chinnapat,,,,10,,0,1,,0.00,,,,,,,,,,,,,,,1,,,,,,,,,1,,,,,,,,,1,,,,,,,,,1,,,,,,,,,1,,,,,,,,,1,,,,,,,,,1,,,,,,,,,1,,,,,,,,,1,,,,,,,,,1
dnf,CDP,SS,035 Tuck,David,,,,4,,0,1,"Senior,International",0.00,,,,,,,,,,,,,,,1,,,,,,,,,1,,,,,,,,,1,,,,,,,,,1,,,,,,,,,1,,,,,,,,,1,,,,,,,,,1,,,,,,,,,1,,,,,,,,,1,,,,,,,,,1
dnf,ESP,UN,087 Arsapracha,Nuttapong,,,,9,,0,1,,0.00,,,,,,,,,,,,,,,1,,,,,,,,,1,,,,,,,,,1,,,,,,,,,1,,,,,,,,,1,,,,,,,,,1,,,,,,,,,1,,,,,,,,,1,,,,,,,,,1,,,,,,,,,1
dnf,SSP,MA,028 Itsarawut,Tong,,,,3,,0,1,,0.00,,,,,,,,,,,,,,,1,,,,,,,,,1,,,,,,,,,1,,,,,,,,,1,,,,,,,,,1,,,,,,,,,1,,,,,,,,,1,,,,,,,,,1,,,,,,,,,1,,,,,,,,,1
dnf,CCP,NV,059 SRIMORA,SUTTICHOK,,,,6,,0,1,,0.00,,,,,,,,,,,,,,,1,,,,,,,,,1,,,,,,,,,1,,,,,,,,,1,,,,,,,,,1,,,,,,,,,1,,,,,,,,,1,,,,,,,,,1,,,,,,,,,1,,,,,,,,,1
dnf,PCC,UN,014 Kulchutisin,Peerasin,,,,2,,0,1,,0.00,,,,,,,,,,,,,,,1,,,,,,,,,1,,,,,,,,,1,,,,,,,,,1,,,,,,,,,1,,,,,,,,,1,,,,,,,,,1,,,,,,,,,1,,,,,,,,,1,,,,,,,,,1
dnf,ESP,SS,078 Kasornsukon,Visut,,,,8,,0,1,,0.00,,,,,,,,,,,,,,,1,,,,,,,,,1,,,,,,,,,1,,,,,,,,,1,,,,,,,,,1,,,,,,,,,1,,,,,,,,,1,,,,,,,,,1,,,,,,,,,1,,,,,,,,,1
dnf,ESP,NV,073 Rungsimavisarut,Denpong,,,,8,,0,1,,0.00,,,,,,,,,,,,,,,1,,,,,,,,,1,,,,,,,,,1,,,,,,,,,1,,,,,,,,,1,,,,,,,,,1,,,,,,,,,1,,,,,,,,,1,,,,,,,,,1,,,,,,,,,1
dnf,ESP,MM,024 Maigate,Niti,,,,3,,0,1,,0.00,,,,,,,,,,,,,,,1,,,,,,,,,1,,,,,,,,,1,,,,,,,,,1,,,,,,,,,1,,,,,,,,,1,,,,,,,,,1,,,,,,,,,1,,,,,,,,,1,,,,,,,,,1
dnf,CCP,NV,063 Suwanjinda,Assawin,,,,6,,0,1,,0.00,,,,,,,,,,,,,,,1,,,,,,,,,1,,,,,,,,,1,,,,,,,,,1,,,,,,,,,1,,,,,,,,,1,,,,,,,,,1,,,,,,,,,1,,,,,,,,,1,,,,,,,,,1
dnf,CCP,UN,062 CHAIPHONG,PHUWANAT(Pol.Sgt.),,,,6,,0,1,Law Enforcement,0.00,,,,,,,,,,,,,,,1,,,,,,,,,1,,,,,,,,,1,,,,,,,,,1,,,,,,,,,1,,,,,,,,,1,,,,,,,,,1,,,,,,,,,1,,,,,,,,,1,,,,,,,,,1
dnf,CO,SS,006 Suriyasenee,Nachapol,TH764794,,,1,,0,1,,0.00,,,,,,,,,,,,,,,1,,,,,,,,,1,,,,,,,,,1,,,,,,,,,1,,,,,,,,,1,,,,,,,,,1,,,,,,,,,1,,,,,,,,,1,,,,,,,,,1,,,,,,,,,1
dnf,ESP,UN,052 Jamjay,Pathompong,,,,5,,0,1,,0.00,,,,,,,,,,,,,,,1,,,,,,,,,1,,,,,,,,,1,,,,,,,,,1,,,,,,,,,1,,,,,,,,,1,,,,,,,,,1,,,,,,,,,1,,,,,,,,,1,,,,,,,,,1
dnf,SPD,ALL,089 Peanopparath,Teethawath,,,,9,,0,1,,0.00,,,,,,,,,,,,,,,1,,,,,,,,,1,,,,,,,,,1,,,,,,,,,1,,,,,,,,,1,,,,,,,,,1,,,,,,,,,1,,,,,,,,,1,,,,,,,,,1,,,,,,,,,1
dnf,SSP,NV,095 Ariyarattanahirun,Manutsanun,,,,10,,0,1,"Lady,Junior",0.00,,,,,,,,,,,,,,,1,,,,,,,,,1,,,,,,,,,1,,,,,,,,,1,,,,,,,,,1,,,,,,,,,1,,,,,,,,,1,,,,,,,,,1,,,,,,,,,1,,,,,,,,,1
dnf,ESP,UN,025 Pudaksorn,Piyachart,,,,3,,0,1,,0.00,,,,,,,,,,,,,,,1,,,,,,,,,1,,,,,,,,,1,,,,,,,,,1,,,,,,,,,1,,,,,,,,,1,,,,,,,,,1,,,,,,,,,1,,,,,,,,,1,,,,,,,,,1
dnf,CDP,NV,103 PUSRI,PICHET,,,,10,,0,1,,0.00,,,,,,,,,,,,,,,1,,,,,,,,,1,,,,,,,,,1,,,,,,,,,1,,,,,,,,,1,,,,,,,,,1,,,,,,,,,1,,,,,,,,,1,,,,,,,,,1,,,,,,,,,1
dnf,CCP,EX,049 Pinyosri,Chatchai,,,,5,,0,1,Law Enforcement,0.00,,,,,,,,,,,,,,,1,,,,,,,,,1,,,,,,,,,1,,,,,,,,,1,,,,,,,,,1,,,,,,,,,1,,,,,,,,,1,,,,,,,,,1,,,,,,,,,1,,,,,,,,,1
dnf,SSP,NV,058 Kuna,Witiwat,,,,6,,0,1,,0.00,,,,,,,,,,,,,,,1,,,,,,,,,1,,,,,,,,,1,,,,,,,,,1,,,,,,,,,1,,,,,,,,,1,,,,,,,,,1,,,,,,,,,1,,,,,,,,,1,,,,,,,,,1
dnf,PCC,UN,011 Sabankluai,Pakdee,,,,1,,0,1,,0.00,,,,,,,,,,,,,,,1,,,,,,,,,1,,,,,,,,,1,,,,,,,,,1,,,,,,,,,1,,,,,,,,,1,,,,,,,,,1,,,,,,,,,1,,,,,,,,,1,,,,,,,,,1
dnf,CDP,MA,076 Detudom,Lattavit,TH1008787,,,8,,0,1,,0.00,,,,,,,,,,,,,,,1,,,,,,,,,1,,,,,,,,,1,,,,,,,,,1,,,,,,,,,1,,,,,,,,,1,,,,,,,,,1,,,,,,,,,1,,,,,,,,,1,,,,,,,,,1
dnf,ESP,NV,002 Phongphrom,Vatcharaphorn,,,,1,,0,1,Lady,0.00,,,,,,,,,,,,,,,1,,,,,,,,,1,,,,,,,,,1,,,,,,,,,1,,,,,,,,,1,,,,,,,,,1,,,,,,,,,1,,,,,,,,,1,,,,,,,,,1,,,,,,,,,1
dnf,REV,EX,039 Klinhom,Arthit,,,,4,,0,1,Senior,0.00,,,,,,,,,,,,,,,1,,,,,,,,,1,,,,,,,,,1,,,,,,,,,1,,,,,,,,,1,,,,,,,,,1,,,,,,,,,1,,,,,,,,,1,,,,,,,,,1,,,,,,,,,1
dnf,CCP,NV,019 Piewmoh,Watcharapong,,,,2,,0,1,,0.00,,,,,,,,,,,,,,,1,,,,,,,,,1,,,,,,,,,1,,,,,,,,,1,,,,,,,,,1,,,,,,,,,1,,,,,,,,,1,,,,,,,,,1,,,,,,,,,1,,,,,,,,,1
dnf,SSP,NV,029 Chen,Dongwei,,,,3,,0,1,International,0.00,,,,,,,,,,,,,,,1,,,,,,,,,1,,,,,,,,,1,,,,,,,,,1,,,,,,,,,1,,,,,,,,,1,,,,,,,,,1,,,,,,,,,1,,,,,,,,,1,,,,,,,,,1
dnf,ESP,MM,038 Thumweerayothin,Thossapoom,,,,4,,0,1,,0.00,,,,,,,,,,,,,,,1,,,,,,,,,1,,,,,,,,,1,,,,,,,,,1,,,,,,,,,1,,,,,,,,,1,,,,,,,,,1,,,,,,,,,1,,,,,,,,,1,,,,,,,,,1
dnf,CO,SS,008 Sriwancharoen,Preecha,TH0013,,,1,,0,1,Law Enforcement,0.00,,,,,,,,,,,,,,,1,,,,,,,,,1,,,,,,,,,1,,,,,,,,,1,,,,,,,,,1,,,,,,,,,1,,,,,,,,,1,,,,,,,,,1,,,,,,,,,1,,,,,,,,,1
dnf,SSP,UN,016 Jadekittichoke,Jira,,,,2,,0,1,,0.00,,,,,,,,,,,,,,,1,,,,,,,,,1,,,,,,,,,1,,,,,,,,,1,,,,,,,,,1,,,,,,,,,1,,,,,,,,,1,,,,,,,,,1,,,,,,,,,1,,,,,,,,,1
dnf,SSP,NV,066 Modeted,Kitisak,,,,7,,0,1,,0.00,,,,,,,,,,,,,,,1,,,,,,,,,1,,,,,,,,,1,,,,,,,,,1,,,,,,,,,1,,,,,,,,,1,,,,,,,,,1,,,,,,,,,1,,,,,,,,,1,,,,,,,,,1
dnf,ESP,UN,026 Trechit,Toranong,,,,3,,0,1,,0.00,,,,,,,,,,,,,,,1,,,,,,,,,1,,,,,,,,,1,,,,,,,,,1,,,,,,,,,1,,,,,,,,,1,,,,,,,,,1,,,,,,,,,1,,,,,,,,,1,,,,,,,,,1
dnf,CCP,SS,055 Pangpun,Aekput(FS.1),TH1014889,,,6,,0,1,Law Enforcement,0.00,,,,,,,,,,,,,,,1,,,,,,,,,1,,,,,,,,,1,,,,,,,,,1,,,,,,,,,1,,,,,,,,,1,,,,,,,,,1,,,,,,,,,1,,,,,,,,,1,,,,,,,,,1
dnf,CCP,EX,093 Sodsoy,Nutthapong,,,,10,,0,1,Law Enforcement,0.00,,,,,,,,,,,,,,,1,,,,,,,,,1,,,,,,,,,1,,,,,,,,,1,,,,,,,,,1,,,,,,,,,1,,,,,,,,,1,,,,,,,,,1,,,,,,,,,1,,,,,,,,,1
dnf,ESP,MM,104 Lertritsirikul,Niti,,,,10,,0,1,,0.00,,,,,,,,,,,,,,,1,,,,,,,,,1,,,,,,,,,1,,,,,,,,,1,,,,,,,,,1,,,,,,,,,1,,,,,,,,,1,,,,,,,,,1,,,,,,,,,1,,,,,,,,,1
dnf,CCP,NV,086 BOONKUSOL,BUSABANARIT,,,,9,,0,1,Law Enforcement,0.00,,,,,,,,,,,,,,,1,,,,,,,,,1,,,,,,,,,1,,,,,,,,,1,,,,,,,,,1,,,,,,,,,1,,,,,,,,,1,,,,,,,,,1,,,,,,,,,1,,,,,,,,,1
dnf,CDP,MM,101 Laowngam,Ekarat,,,,10,,0,1,,0.00,,,,,,,,,,,,,,,1,,,,,,,,,1,,,,,,,,,1,,,,,,,,,1,,,,,,,,,1,,,,,,,,,1,,,,,,,,,1,,,,,,,,,1,,,,,,,,,1,,,,,,,,,1
dnf,SSP,UN,027 Mangkonnyam,Sutipong,,,,3,,0,1,,0.00,,,,,,,,,,,,,,,1,,,,,,,,,1,,,,,,,,,1,,,,,,,,,1,,,,,,,,,1,,,,,,,,,1,,,,,,,,,1,,,,,,,,,1,,,,,,,,,1,,,,,,,,,1
dnf,ESP,NV,084 Boon Chin,Tai,TH1013662,,,9,,0,1,,0.00,,,,,,,,,,,,,,,1,,,,,,,,,1,,,,,,,,,1,,,,,,,,,1,,,,,,,,,1,,,,,,,,,1,,,,,,,,,1,,,,,,,,,1,,,,,,,,,1,,,,,,,,,1
dnf,CCP,SS,068 Barter,Thomas,,,,7,,0,1,International,0.00,,,,,,,,,,,,,,,1,,,,,,,,,1,,,,,,,,,1,,,,,,,,,1,,,,,,,,,1,,,,,,,,,1,,,,,,,,,1,,,,,,,,,1,,,,,,,,,1,,,,,,,,,1
